,מועד המשחק,מארחת,אורחת,כמות ביטויי רגשות שליליים. 3 שעות לפני המשחק_x,כמות ביטויי רגשות שליליים. 0-24 שעות לפני המשחק_x,כמות ביטויי רגשות שליליים. 24-48 שעות לפני המשחק_x,כמות ביטויי רגשות שליליים. 48-72 שעות לפני המשחק_x,כמות ביטויי רגשות שליליים. 72-96 שעות לפני המשחק_x,כמות ביטויי רגשות שליליים. 96-130 שעות לפני המשחק_x,כמות ביטויי רגשות שליליים. 130-154 שעות לפני המשחק_x,כמות ביטויי רגשות שליליים. 154-178 שעות לפני המשחק_x,כמות לייקים לרגשות שליליים. 3 שעות לפני המשחק_x,כמות לייקים לרגשות שליליים. 0-24 שעות לפני המשחק_x,כמות לייקים לרגשות שליליים. 24-48 שעות לפני המשחק_x,כמות לייקים לרגשות שליליים. 48-72 שעות לפני המשחק_x,כמות לייקים לרגשות שליליים. 72-96 שעות לפני המשחק_x,כמות לייקים לרגשות שליליים. 96-130 שעות לפני המשחק_x,כמות לייקים לרגשות שליליים. 130-154 שעות לפני המשחק_x,כמות לייקים לרגשות שליליים. 154-178 שעות לפני המשחק_x,כמות ביטויי רגשות חיוביים. 3 שעות לפני המשחק_x,כמות ביטויי רגשות חיוביים. 0-24 שעות לפני המשחק_x,כמות ביטויי רגשות חיוביים. 24-48 שעות לפני המשחק_x,כמות ביטויי רגשות חיוביים. 48-72 שעות לפני המשחק_x,כמות ביטויי רגשות חיוביים. 72-96 שעות לפני המשחק_x,כמות ביטויי רגשות חיוביים. 96-130 שעות לפני המשחק_x,כמות ביטויי רגשות חיוביים. 130-154 שעות לפני המשחק_x,כמות ביטויי רגשות חיוביים. 154-178 שעות לפני המשחק_x,כמות לייקים לרגשות חיוביים. 3 שעות לפני המשחק_x,כמות לייקים לרגשות חיוביים. 0-24 שעות לפני המשחק_x,כמות לייקים לרגשות חיוביים. 24-48 שעות לפני המשחק_x,כמות לייקים לרגשות חיוביים. 48-72 שעות לפני המשחק_x,כמות לייקים לרגשות חיוביים. 72-96 שעות לפני המשחק_x,כמות לייקים לרגשות חיוביים. 96-130 שעות לפני המשחק_x,כמות לייקים לרגשות חיוביים. 130-154 שעות לפני המשחק_x,כמות לייקים לרגשות חיוביים. 154-178 שעות לפני המשחק_x,כמות ביטויי דרמטיזציה. 3 שעות לפני המשחק._x,כמות ביטויי דרמטיזציה. 0-24 שעות לפני המשחק_x,כמות ביטויי דרמטיזציה. 24-48 שעות לפני המשחק_x,כמות ביטויי דרמטיזציה. 48-72 שעות לפני המשחק_x,כמות ביטויי דרמטיזציה. 72-96 שעות לפני המשחק_x,כמות ביטויי דרמטיזציה. 96-130 שעות לפני המשחק_x,כמות ביטויי דרמטיזציה. 130-154 שעות לפני המשחק_x,כמות דרמטיזציה. 154-178 שעות לפני המשחק_x,כמות לייקים לביטויי דרמטיזציה. 3 שעות לפני המשחק_x,כמות לייקים לביטויי דרמטיזציה. 0-24 שעות לפני המשחק_x,כמות לייקים לביטויי דרמטיזציה. 24-48 שעות לפני המשחק_x,כמות לייקים לביטויי דרמטיזציה. 48-72 שעות לפני המשחק_x,כמות לייקים לביטויי דרמטיזציה. 72-96 שעות לפני המשחק_x,כמות לייקים לביטויי דרמטיזציה. 96-130 שעות לפני המשחק_x,כמות לייקים לביטויי דרמטיזציה. 130-154 שעות לפני המשחק_x,כמות לייקים לביטויי דרמטיזציה. 154-178 שעות לפני המשחק_x,כמות ביטויי התארגנות. 3 שעות לפני המשחק_x,כמות ביטויי התארגנות. 0-24 שעות לפני המשחק_x,כמות ביטויי התארגנות. 24-48 שעות לפני המשחק_x,כמות ביטויי התארגנות. 48-72 שעות לפני המשחק_x,כמות ביטויי התארגנות. 72-96 שעות לפני המשחק._x,כמות ביטויי התארגנות. 96-130 שעות לפני המשחק_x,כמות ביטויי התארגנות. 130-154 שעות לפני המשחק_x,כמות ביטויי התארגנות. 154-178 שעות לפני המשחק_x,כמות לייקים לביטויי התארגנות. 3 שעות לפני המשחק_x,כמות לייקים לביטויי התארגנות. 0-24 שעות לפני המשחק_x,כמות לייקים לביטויי התארגנות. 24-48 שעות לפני המשחק_x,כמות לייקים לביטויי התארגנות. 48-72 שעות לפני המשחק_x,כמות לייקים לביטויי התארגנות. 72-96 שעות לפני המשחק_x,כמות לייקים לביטויי התארגנות. 96-130 שעות לפני המשחק_x,כמות לייקים לביטויי התארגנות. 130-154 שעות לפני המשחק_x,כמות לייקים לביטויי התארגנות. 154-178 שעות לפני המשחק_x,כמות ביטויי אלימות מילולית. 3 שעות לפני המשחק_x,כמות ביטויי אלימות מילולית. 0-24 שעות לפני המשחק_x,כמות ביטויי אלימות מילולית. 24-48 שעות לפני המשחק_x,כמות ביטויי אלימות מילולית. 48-72 שעות לפני המשחק_x,כמות ביטויי אלימות מילולית. 72-96 שעות לפני המשחק_x,כמות ביטויי אלימות מילולית. 96-130 שעות לפני המשחק_x,כמות ביטויי אלימות מילולית. 130- 154 שעות לפני המשחק_x,כמות ביטויי אלימות מילולית. 154-178 שעות לפני המשחק_x,כמות לייקים לביטויי אלימות מילולית. 3 שעות לפני המשחק_x,כמות לייקים לביטויי אלימות מילולית 0-24 שעות לפני המשחק_x,כמות לייקים לביטויי אלימות מילולית. 24-48 שעות לפני המשחק_x,כמות לייקים לביטויי אלימות מילולית. 48-72 שעות לפני המשחק_x,כמות לייקים לביטויי אלימות מילולית. 72-96 שעות לפני המשחק_x,כמות לייקים לביטויי אלימות מילולית. 96-130 שעות לפני המשחק_x,כמות לייקים לביטויי אלימות מילולית. 130-154 שעות לפני המשחק_x,כמות לייקים לביטויי אלימות מילולית. 154-178 שעות לפני המשחק_x,כמות ביטויי קללות. 3 שעות לפני המשחק_x,כמות ביטויי קללות. 0-24 שעות לפני המשחק_x,כמות ביטויי קללות. 24-48 שעות לפני המשחק_x,כמות ביטויי קללות. 48-72 שעות לפני המשחק_x,כמות ביטויי קללות. 72-96 שעות לפני המשחק_x,כמות ביטויי קללות. 96-130. שעות לפני המשחק_x,כמות ביטויי קללות. 130-154 שעות לפני המשחק_x,כמות ביטויי קללות. 154-178 שעות לפני המשחק_x,כמות לייקים לביטויי קללות. 3 שעות לפני המשחק_x,כמות לייקים לביטויי קללות. 0-24 שעות לפני המשחק_x,כמות לייקים לביטויי קללות. 24-48 שעות לפני המשחק_x,כמות לייקים לביטויי קללות. 48-72 שעות לפני המשחק_x,כמות לייקים לביטויי קללות. 72-96 שעות לפני המשחק_x,כמות לייקים לביטויי קללות. 96-130 שעות לפני המשחק_x,כמות לייקים לביטויי קללות. 130-154 שעות לפני המשחק_x,כמות לייקים לביטויי קללות. 154-178 שעות לפני המשחק_x,כמות ביטויי רגשות שליליים. 3 שעות לפני המשחק_y,כמות ביטויי רגשות שליליים. 0-24 שעות לפני המשחק_y,כמות ביטויי רגשות שליליים. 24-48 שעות לפני המשחק_y,כמות ביטויי רגשות שליליים. 48-72 שעות לפני המשחק_y,כמות ביטויי רגשות שליליים. 72-96 שעות לפני המשחק_y,כמות ביטויי רגשות שליליים. 96-130 שעות לפני המשחק_y,כמות ביטויי רגשות שליליים. 130-154 שעות לפני המשחק_y,כמות ביטויי רגשות שליליים. 154-178 שעות לפני המשחק_y,כמות לייקים לרגשות שליליים. 3 שעות לפני המשחק_y,כמות לייקים לרגשות שליליים. 0-24 שעות לפני המשחק_y,כמות לייקים לרגשות שליליים. 24-48 שעות לפני המשחק_y,כמות לייקים לרגשות שליליים. 48-72 שעות לפני המשחק_y,כמות לייקים לרגשות שליליים. 72-96 שעות לפני המשחק_y,כמות לייקים לרגשות שליליים. 96-130 שעות לפני המשחק_y,כמות לייקים לרגשות שליליים. 130-154 שעות לפני המשחק_y,כמות לייקים לרגשות שליליים. 154-178 שעות לפני המשחק_y,כמות ביטויי רגשות חיוביים. 3 שעות לפני המשחק_y,כמות ביטויי רגשות חיוביים. 0-24 שעות לפני המשחק_y,כמות ביטויי רגשות חיוביים. 24-48 שעות לפני המשחק_y,כמות ביטויי רגשות חיוביים. 48-72 שעות לפני המשחק_y,כמות ביטויי רגשות חיוביים. 72-96 שעות לפני המשחק_y,כמות ביטויי רגשות חיוביים. 96-130 שעות לפני המשחק_y,כמות ביטויי רגשות חיוביים. 130-154 שעות לפני המשחק_y,כמות ביטויי רגשות חיוביים. 154-178 שעות לפני המשחק_y,כמות לייקים לרגשות חיוביים. 3 שעות לפני המשחק_y,כמות לייקים לרגשות חיוביים. 0-24 שעות לפני המשחק_y,כמות לייקים לרגשות חיוביים. 24-48 שעות לפני המשחק_y,כמות לייקים לרגשות חיוביים. 48-72 שעות לפני המשחק_y,כמות לייקים לרגשות חיוביים. 72-96 שעות לפני המשחק_y,כמות לייקים לרגשות חיוביים. 96-130 שעות לפני המשחק_y,כמות לייקים לרגשות חיוביים. 130-154 שעות לפני המשחק_y,כמות לייקים לרגשות חיוביים. 154-178 שעות לפני המשחק_y,כמות ביטויי דרמטיזציה. 3 שעות לפני המשחק._y,כמות ביטויי דרמטיזציה. 0-24 שעות לפני המשחק_y,כמות ביטויי דרמטיזציה. 24-48 שעות לפני המשחק_y,כמות ביטויי דרמטיזציה. 48-72 שעות לפני המשחק_y,כמות ביטויי דרמטיזציה. 72-96 שעות לפני המשחק_y,כמות ביטויי דרמטיזציה. 96-130 שעות לפני המשחק_y,כמות ביטויי דרמטיזציה. 130-154 שעות לפני המשחק_y,כמות דרמטיזציה. 154-178 שעות לפני המשחק_y,כמות לייקים לביטויי דרמטיזציה. 3 שעות לפני המשחק_y,כמות לייקים לביטויי דרמטיזציה. 0-24 שעות לפני המשחק_y,כמות לייקים לביטויי דרמטיזציה. 24-48 שעות לפני המשחק_y,כמות לייקים לביטויי דרמטיזציה. 48-72 שעות לפני המשחק_y,כמות לייקים לביטויי דרמטיזציה. 72-96 שעות לפני המשחק_y,כמות לייקים לביטויי דרמטיזציה. 96-130 שעות לפני המשחק_y,כמות לייקים לביטויי דרמטיזציה. 130-154 שעות לפני המשחק_y,כמות לייקים לביטויי דרמטיזציה. 154-178 שעות לפני המשחק_y,כמות ביטויי התארגנות. 3 שעות לפני המשחק_y,כמות ביטויי התארגנות. 0-24 שעות לפני המשחק_y,כמות ביטויי התארגנות. 24-48 שעות לפני המשחק_y,כמות ביטויי התארגנות. 48-72 שעות לפני המשחק_y,כמות ביטויי התארגנות. 72-96 שעות לפני המשחק._y,כמות ביטויי התארגנות. 96-130 שעות לפני המשחק_y,כמות ביטויי התארגנות. 130-154 שעות לפני המשחק_y,כמות ביטויי התארגנות. 154-178 שעות לפני המשחק_y,כמות לייקים לביטויי התארגנות. 3 שעות לפני המשחק_y,כמות לייקים לביטויי התארגנות. 0-24 שעות לפני המשחק_y,כמות לייקים לביטויי התארגנות. 24-48 שעות לפני המשחק_y,כמות לייקים לביטויי התארגנות. 48-72 שעות לפני המשחק_y,כמות לייקים לביטויי התארגנות. 72-96 שעות לפני המשחק_y,כמות לייקים לביטויי התארגנות. 96-130 שעות לפני המשחק_y,כמות לייקים לביטויי התארגנות. 130-154 שעות לפני המשחק_y,כמות לייקים לביטויי התארגנות. 154-178 שעות לפני המשחק_y,כמות ביטויי אלימות מילולית. 3 שעות לפני המשחק_y,כמות ביטויי אלימות מילולית. 0-24 שעות לפני המשחק_y,כמות ביטויי אלימות מילולית. 24-48 שעות לפני המשחק_y,כמות ביטויי אלימות מילולית. 48-72 שעות לפני המשחק_y,כמות ביטויי אלימות מילולית. 72-96 שעות לפני המשחק_y,כמות ביטויי אלימות מילולית. 96-130 שעות לפני המשחק_y,כמות ביטויי אלימות מילולית. 130- 154 שעות לפני המשחק_y,כמות ביטויי אלימות מילולית. 154-178 שעות לפני המשחק_y,כמות לייקים לביטויי אלימות מילולית. 3 שעות לפני המשחק_y,כמות לייקים לביטויי אלימות מילולית 0-24 שעות לפני המשחק_y,כמות לייקים לביטויי אלימות מילולית. 24-48 שעות לפני המשחק_y,כמות לייקים לביטויי אלימות מילולית. 48-72 שעות לפני המשחק_y,כמות לייקים לביטויי אלימות מילולית. 72-96 שעות לפני המשחק_y,כמות לייקים לביטויי אלימות מילולית. 96-130 שעות לפני המשחק_y,כמות לייקים לביטויי אלימות מילולית. 130-154 שעות לפני המשחק_y,כמות לייקים לביטויי אלימות מילולית. 154-178 שעות לפני המשחק_y,כמות ביטויי קללות. 3 שעות לפני המשחק_y,כמות ביטויי קללות. 0-24 שעות לפני המשחק_y,כמות ביטויי קללות. 24-48 שעות לפני המשחק_y,כמות ביטויי קללות. 48-72 שעות לפני המשחק_y,כמות ביטויי קללות. 72-96 שעות לפני המשחק_y,כמות ביטויי קללות. 96-130. שעות לפני המשחק_y,כמות ביטויי קללות. 130-154 שעות לפני המשחק_y,כמות ביטויי קללות. 154-178 שעות לפני המשחק_y,כמות לייקים לביטויי קללות. 3 שעות לפני המשחק_y,כמות לייקים לביטויי קללות. 0-24 שעות לפני המשחק_y,כמות לייקים לביטויי קללות. 24-48 שעות לפני המשחק_y,כמות לייקים לביטויי קללות. 48-72 שעות לפני המשחק_y,כמות לייקים לביטויי קללות. 72-96 שעות לפני המשחק_y,כמות לייקים לביטויי קללות. 96-130 שעות לפני המשחק_y,כמות לייקים לביטויי קללות. 130-154 שעות לפני המשחק_y,כמות לייקים לביטויי קללות. 154-178 שעות לפני המשחק_y,מספר הכרטיסים הצהובים לקבוצת הבית,מספר הכרטיסים האדומים לקבוצת המתארחת,מספר הכרטיסים האדומים לקבוצת הבית,מספר הכרטיסים הצהובים לקבוצת הבית,רמת האלימות,רמת האלימות.1,רמת האלימות.2,רמת האלימות.3,רמת האלימות.4,רמת האלימות.5,רמת האלימות.6,רמת האלימות.7,רמת האלימות.8
14,2018-02-25,באר_שבע,ביתר_ירושלים,0.0,0.0,0.0,0.0,0.0,0.0,0.0,0.0,0.0,0.0,0.0,0.0,0.0,0.0,0.0,0.0,0.0,0.0,0.0,0.0,0.0,0.0,0.0,0.0,0.0,0.0,0.0,0.0,0.0,0.0,0.0,0.0,0.0,0.0,0.0,0.0,0.0,0.0,0.0,0.0,0.0,0.0,0.0,0.0,0.0,0.0,0.0,0.0,0.0,0.0,0.0,0.0,0.0,0.0,0.0,0.0,0.0,0.0,0.0,0.0,0.0,0.0,0.0,0.0,0.0,0.0,0.0,0.0,0.0,0.0,0.0,0.0,0.0,0.0,0.0,0.0,0.0,0.0,0.0,0.0,0.0,0.0,0.0,0.0,0.0,0.0,0.0,0.0,0.0,0.0,0.0,0.0,0.0,0.0,0.0,0.0,0.0,0.0,0.0,0.0,0.0,0.0,0.0,0.0,0.0,0.0,0.0,0.0,0.0,0.0,0.0,0.0,0.0,0.0,0.0,0.0,0.0,0.0,0.0,0.0,0.0,0.0,0.0,0.0,0.0,0.0,0.0,0.0,0.0,0.0,0.0,0.0,0.0,0.0,0.0,0.0,0.0,0.0,0.0,0.0,0.0,0.0,0.0,0.0,0.0,0.0,0.0,0.0,0.0,0.0,0.0,0.0,0.0,0.0,0.0,0.0,0.0,0.0,0.0,0.0,0.0,0.0,0.0,0.0,0.0,0.0,0.0,0.0,,,,,,,,,0.0,0.0,0.0,0.0,0.0,0.0,0.0,0.0,0.0,0.0,0.0,0.0,0.0,0.0,0.0,0.0,2.0,0.0,0.0,2.0,1.0,1.0,0.0,0.0,0.0,0.0,0.0,0.0,0.0
23,2018-04-30,מכבי_נתניה,ביתר_ירושלים,0.0,2.0,0.0,2.0,1.0,1.0,1.0,0.0,0.0,1.0,0.0,1.0,2.0,7.0,0.0,0.0,5.0,15.0,7.0,4.0,20.0,29.0,6.0,0.0,5.0,37.0,18.0,5.0,13.0,50.0,0.0,0.0,3.0,9.0,2.0,9.0,17.0,13.0,4.0,0.0,3.0,11.0,1.0,21.0,12.0,27.0,0.0,0.0,2.0,2.0,2.0,3.0,3.0,5.0,4.0,0.0,2.0,5.0,0.0,17.0,9.0,18.0,0.0,0.0,1.0,8.0,4.0,2.0,5.0,6.0,1.0,0.0,1.0,12.0,1.0,1.0,1.0,19.0,0.0,0.0,2.0,7.0,1.0,4.0,6.0,4.0,6.0,0.0,2.0,14.0,1.0,7.0,3.0,26.0,0.0,0.0,0.0,0.0,0.0,0.0,0.0,0.0,0.0,0.0,0.0,0.0,0.0,0.0,0.0,0.0,0.0,0.0,0.0,0.0,0.0,0.0,0.0,0.0,0.0,0.0,0.0,0.0,0.0,0.0,0.0,0.0,0.0,0.0,0.0,0.0,0.0,0.0,0.0,0.0,0.0,0.0,0.0,0.0,0.0,0.0,0.0,0.0,0.0,0.0,0.0,0.0,0.0,0.0,0.0,0.0,0.0,0.0,0.0,0.0,0.0,0.0,0.0,0.0,0.0,0.0,0.0,0.0,0.0,0.0,0.0,0.0,0.0,0.0,,,,,,,,,0.0,0.0,0.0,0.0,0.0,0.0,0.0,0.0,0.0,0.0,0.0,0.0,0.0,0.0,0.0,0.0,1.0,0.0,1.0,1.0,1.0,1.0,2.0,1.0,1.0,1.0,0.0,0.0,0.0
26,2018-05-15,מכבי_תל_אביב,ביתר_ירושלים,0.0,9.0,8.0,9.0,20.0,0.0,2.0,0.0,0.0,20.0,1.0,14.0,28.0,0.0,2.0,0.0,8.0,43.0,95.0,18.0,94.0,6.0,13.0,7.0,7.0,81.0,30.0,9.0,83.0,45.0,18.0,67.0,0.0,38.0,54.0,14.0,94.0,7.0,10.0,5.0,0.0,75.0,43.0,5.0,402.0,19.0,6.0,0.0,0.0,11.0,8.0,9.0,20.0,2.0,6.0,1.0,0.0,22.0,3.0,36.0,124.0,0.0,1.0,0.0,2.0,16.0,12.0,10.0,32.0,5.0,0.0,1.0,2.0,29.0,3.0,19.0,142.0,1.0,0.0,0.0,4.0,18.0,19.0,15.0,63.0,5.0,11.0,5.0,4.0,54.0,12.0,15.0,302.0,20.0,7.0,0.0,0.0,0.0,0.0,0.0,0.0,0.0,0.0,0.0,0.0,0.0,0.0,0.0,0.0,0.0,0.0,0.0,0.0,0.0,0.0,0.0,0.0,0.0,0.0,0.0,0.0,0.0,0.0,0.0,0.0,0.0,0.0,0.0,0.0,0.0,0.0,0.0,0.0,0.0,0.0,0.0,0.0,0.0,0.0,0.0,0.0,0.0,0.0,0.0,0.0,0.0,0.0,0.0,0.0,0.0,0.0,0.0,0.0,0.0,0.0,0.0,0.0,0.0,0.0,0.0,0.0,0.0,0.0,0.0,0.0,0.0,0.0,0.0,,,,,,,,,0.0,0.0,0.0,0.0,0.0,0.0,0.0,0.0,0.0,0.0,0.0,0.0,0.0,0.0,0.0,0.0,1.0,0.0,0.0,1.0,1.0,0.0,0.0,0.0,0.0,0.0,0.0,0.0,0.0
33,2018-04-08,ביתר_ירושלים,בני_יהודה,3.0,6.0,0.0,2.0,1.0,3.0,0.0,0.0,3.0,9.0,0.0,1.0,0.0,1.0,0.0,0.0,2.0,34.0,5.0,4.0,21.0,18.0,6.0,0.0,2.0,25.0,1.0,2.0,4.0,5.0,1.0,0.0,1.0,22.0,3.0,4.0,10.0,9.0,6.0,0.0,1.0,20.0,0.0,5.0,1.0,5.0,1.0,0.0,0.0,4.0,0.0,2.0,0.0,0.0,3.0,0.0,0.0,6.0,0.0,1.0,0.0,0.0,2.0,0.0,0.0,6.0,0.0,2.0,4.0,2.0,0.0,0.0,0.0,8.0,0.0,0.0,2.0,0.0,0.0,0.0,2.0,12.0,1.0,4.0,3.0,10.0,2.0,0.0,2.0,12.0,1.0,4.0,3.0,10.0,2.0,0.0,0.0,0.0,0.0,0.0,0.0,0.0,0.0,0.0,0.0,0.0,0.0,0.0,0.0,0.0,0.0,0.0,0.0,0.0,0.0,0.0,0.0,0.0,0.0,0.0,0.0,0.0,0.0,0.0,0.0,0.0,0.0,0.0,0.0,0.0,0.0,0.0,0.0,0.0,0.0,0.0,0.0,0.0,0.0,0.0,0.0,0.0,0.0,0.0,0.0,0.0,0.0,0.0,0.0,0.0,0.0,0.0,0.0,0.0,0.0,0.0,0.0,0.0,0.0,0.0,0.0,0.0,0.0,0.0,0.0,0.0,0.0,0.0,,,,,,,,,0.0,0.0,0.0,0.0,0.0,0.0,0.0,0.0,0.0,0.0,0.0,0.0,0.0,0.0,0.0,0.0,1.0,0.0,0.0,1.0,1.0,1.0,0.0,0.0,0.0,0.0,0.0,0.0,0.0
109,2018-03-17,ביתר_ירושלים,מכבי_נתניה,1.0,1.0,0.0,0.0,1.0,2.0,0.0,0.0,1.0,0.0,0.0,0.0,0.0,0.0,0.0,0.0,1.0,8.0,6.0,44.0,19.0,9.0,0.0,0.0,1.0,3.0,1.0,21.0,4.0,5.0,0.0,0.0,1.0,11.0,4.0,14.0,6.0,3.0,0.0,0.0,1.0,6.0,1.0,3.0,1.0,2.0,0.0,0.0,1.0,1.0,2.0,3.0,4.0,6.0,0.0,0.0,1.0,1.0,0.0,2.0,1.0,17.0,0.0,0.0,2.0,2.0,0.0,15.0,7.0,1.0,0.0,0.0,2.0,1.0,0.0,7.0,0.0,0.0,0.0,0.0,1.0,9.0,0.0,5.0,7.0,6.0,0.0,0.0,1.0,7.0,0.0,5.0,9.0,13.0,0.0,0.0,0.0,0.0,0.0,0.0,0.0,0.0,0.0,0.0,0.0,0.0,0.0,0.0,0.0,0.0,0.0,0.0,0.0,0.0,0.0,0.0,0.0,0.0,0.0,0.0,0.0,0.0,0.0,0.0,0.0,0.0,0.0,0.0,0.0,0.0,0.0,0.0,0.0,0.0,0.0,0.0,0.0,0.0,0.0,0.0,0.0,0.0,0.0,0.0,0.0,0.0,0.0,0.0,0.0,0.0,0.0,0.0,0.0,0.0,0.0,0.0,0.0,0.0,0.0,0.0,0.0,0.0,0.0,0.0,0.0,0.0,0.0,0.0,,,,,,,,,0.0,0.0,0.0,0.0,0.0,0.0,0.0,0.0,0.0,0.0,0.0,0.0,0.0,0.0,0.0,0.0,2.0,0.0,0.0,2.0,1.0,0.0,0.0,0.0,0.0,0.0,0.0,0.0,0.0
140,2018-04-16,ביתר_ירושלים,מכבי_תל_אביב,0.0,6.0,14.0,1.0,2.0,1.0,5.0,13.0,0.0,37.0,36.0,0.0,0.0,0.0,5.0,130.0,2.0,76.0,20.0,15.0,6.0,0.0,2.0,47.0,2.0,380.0,15.0,7.0,12.0,0.0,0.0,123.0,4.0,99.0,25.0,5.0,16.0,2.0,0.0,52.0,4.0,449.0,24.0,3.0,39.0,0.0,0.0,108.0,0.0,22.0,8.0,1.0,1.0,0.0,0.0,20.0,0.0,55.0,20.0,0.0,0.0,0.0,0.0,21.0,2.0,75.0,5.0,3.0,1.0,1.0,2.0,36.0,2.0,350.0,5.0,4.0,2.0,0.0,0.0,79.0,4.0,123.0,24.0,2.0,3.0,0.0,1.0,56.0,4.0,433.0,26.0,2.0,2.0,0.0,0.0,97.0,0.0,0.0,0.0,0.0,0.0,0.0,0.0,0.0,0.0,0.0,0.0,0.0,0.0,0.0,0.0,0.0,0.0,0.0,0.0,0.0,0.0,0.0,0.0,0.0,0.0,0.0,0.0,0.0,0.0,0.0,0.0,0.0,0.0,0.0,0.0,0.0,0.0,0.0,0.0,0.0,0.0,0.0,0.0,0.0,0.0,0.0,0.0,0.0,0.0,0.0,0.0,0.0,0.0,0.0,0.0,0.0,0.0,0.0,0.0,0.0,0.0,0.0,0.0,0.0,0.0,0.0,0.0,0.0,0.0,0.0,0.0,0.0,,,,,,,,,0.0,0.0,0.0,0.0,0.0,0.0,0.0,0.0,0.0,0.0,0.0,0.0,0.0,0.0,0.0,0.0,2.0,0.0,0.0,2.0,1.0,0.0,2.0,1.0,1.0,0.0,0.0,0.0,0.0
170,2018-03-04,ביתר_ירושלים,עכו,0.0,0.0,0.0,0.0,0.0,0.0,2.0,1.0,0.0,0.0,0.0,0.0,0.0,0.0,2.0,1.0,0.0,0.0,0.0,3.0,1.0,0.0,3.0,1.0,0.0,0.0,0.0,3.0,1.0,0.0,3.0,1.0,0.0,0.0,0.0,1.0,1.0,0.0,2.0,3.0,0.0,0.0,0.0,0.0,2.0,0.0,3.0,1.0,0.0,0.0,0.0,0.0,0.0,0.0,0.0,0.0,0.0,0.0,0.0,0.0,0.0,0.0,0.0,0.0,0.0,0.0,0.0,1.0,0.0,0.0,0.0,0.0,0.0,0.0,0.0,0.0,0.0,0.0,0.0,0.0,0.0,1.0,0.0,1.0,1.0,0.0,2.0,3.0,0.0,0.0,0.0,0.0,2.0,0.0,3.0,1.0,0.0,0.0,0.0,0.0,0.0,0.0,0.0,0.0,0.0,0.0,0.0,0.0,0.0,0.0,0.0,0.0,0.0,0.0,0.0,0.0,0.0,0.0,0.0,0.0,0.0,0.0,0.0,0.0,0.0,0.0,0.0,0.0,0.0,0.0,0.0,0.0,0.0,0.0,0.0,0.0,0.0,0.0,0.0,0.0,0.0,0.0,0.0,0.0,0.0,0.0,0.0,0.0,0.0,0.0,0.0,0.0,0.0,0.0,0.0,0.0,0.0,0.0,0.0,0.0,0.0,0.0,0.0,0.0,0.0,0.0,0.0,0.0,,,,,,,,,0.0,0.0,0.0,0.0,0.0,0.0,0.0,0.0,0.0,0.0,0.0,0.0,0.0,0.0,0.0,0.0,2.0,0.0,0.0,2.0,1.0,4.0,2.0,0.0,0.0,0.0,0.0,0.0,0.0
206,2017-11-05,מכבי_פתח_תקווה,באר_שבע,,,,,,,,,,,,,,,,,,,,,,,,,,,,,,,,,,,,,,,,,,,,,,,,,,,,,,,,,,,,,,,,,,,,,,,,,,,,,,,,,,,,,,,,,,,,,,,,,,,,,,,,,,,,,,,,,,,,,,,,,,,,,,,,,,,,,,,,,,,,,,,,,,,,,,,,,,,,,,,,,,,,,,,,,,,,,,,,,,,,,,,,,,,,,,,,,2.0,0.0,0.0,2.0,1.0,0.0,0.0,0.0,0.0,0.0,0.0,0.0,0.0
207,2017-09-12,מס_אשדוד,הפועל_חיפה,,,,,,,,,,,,,,,,,,,,,,,,,,,,,,,,,,,,,,,,,,,,,,,,,,,,,,,,,,,,,,,,,,,,,,,,,,,,,,,,,,,,,,,,,,,,,,,,,,,,,,,,,,,,,,,,,,,,,,,,,,,,,,,,,,,,,,,,,,,,,,,,,,,,,,,,,,,,,,,,,,,,,,,,,,,,,,,,,,,,,,,,,,,,,,,,,1.0,0.0,1.0,1.0,5.0,5.0,0.0,0.0,0.0,0.0,0.0,0.0,0.0
208,2017-12-17,קרית_שמונה,רעננה,,,,,,,,,,,,,,,,,,,,,,,,,,,,,,,,,,,,,,,,,,,,,,,,,,,,,,,,,,,,,,,,,,,,,,,,,,,,,,,,,,,,,,,,,,,,,,,,,,,,,,,,,,,,,,,,,,,,,,,,,,,,,,,,,,,,,,,,,,,,,,,,,,,,,,,,,,,,,,,,,,,,,,,,,,,,,,,,,,,,,,,,,,,,,,,,,5.0,0.0,1.0,5.0,1.0,0.0,0.0,0.0,0.0,0.0,0.0,0.0,0.0
209,2018-01-09,מכבי_פתח_תקווה,קרית_שמונה,,,,,,,,,,,,,,,,,,,,,,,,,,,,,,,,,,,,,,,,,,,,,,,,,,,,,,,,,,,,,,,,,,,,,,,,,,,,,,,,,,,,,,,,,,,,,,,,,,,,,,,,,,,,,,,,,,,,,,,,,,,,,,,,,,,,,,,,,,,,,,,,,,,,,,,,,,,,,,,,,,,,,,,,,,,,,,,,,,,,,,,,,,,,,,,,,1.0,1.0,0.0,1.0,1.0,0.0,0.0,0.0,0.0,0.0,0.0,0.0,0.0
210,2018-01-10,רעננה,מכבי_חיפה,,,,,,,,,,,,,,,,,,,,,,,,,,,,,,,,,,,,,,,,,,,,,,,,,,,,,,,,,,,,,,,,,,,,,,,,,,,,,,,,,,,,,,,,,,,,,,,,,,,,,,,,,,,,,,,,,,,,,,,,,,,,,,,,,,,,,,,,,,,,,,,,,,,,,,,,,,,,,,,,,,,,,,,,,,,,,,,,,,,,,,,,,,,,,,,,,4.0,0.0,1.0,4.0,1.0,0.0,0.0,0.0,0.0,0.0,0.0,0.0,0.0
211,2018-01-08,הפועל_חיפה,ביתר_ירושלים,,,,,,,,,,,,,,,,,,,,,,,,,,,,,,,,,,,,,,,,,,,,,,,,,,,,,,,,,,,,,,,,,,,,,,,,,,,,,,,,,,,,,,,,,,,,,,,,,,,,,,,,,,,,,,,,,,,,,,,,,,,,,,,,,,,,,,,,,,,,,,,,,,,,,,,,,,,,,,,,,,,,,,,,,,,,,,,,,,,,,,,,,,,,,,,,,2.0,0.0,0.0,2.0,4.0,1.0,0.0,0.0,0.0,0.0,0.0,0.0,0.0
212,2018-01-20,מס_אשדוד,מכבי_חיפה,,,,,,,,,,,,,,,,,,,,,,,,,,,,,,,,,,,,,,,,,,,,,,,,,,,,,,,,,,,,,,,,,,,,,,,,,,,,,,,,,,,,,,,,,,,,,,,,,,,,,,,,,,,,,,,,,,,,,,,,,,,,,,,,,,,,,,,,,,,,,,,,,,,,,,,,,,,,,,,,,,,,,,,,,,,,,,,,,,,,,,,,,,,,,,,,,1.0,0.0,0.0,1.0,1.0,0.0,0.0,0.0,0.0,0.0,0.0,0.0,0.0
213,2018-01-23,רעננה,נס ציונה,,,,,,,,,,,,,,,,,,,,,,,,,,,,,,,,,,,,,,,,,,,,,,,,,,,,,,,,,,,,,,,,,,,,,,,,,,,,,,,,,,,,,,,,,,,,,,,,,,,,,,,,,,,,,,,,,,,,,,,,,,,,,,,,,,,,,,,,,,,,,,,,,,,,,,,,,,,,,,,,,,,,,,,,,,,,,,,,,,,,,,,,,,,,,,,,,2.0,0.0,0.0,2.0,2.0,0.0,0.0,0.0,0.0,0.0,0.0,0.0,0.0
214,2018-02-07,מס_אשדוד,רעננה,,,,,,,,,,,,,,,,,,,,,,,,,,,,,,,,,,,,,,,,,,,,,,,,,,,,,,,,,,,,,,,,,,,,,,,,,,,,,,,,,,,,,,,,,,,,,,,,,,,,,,,,,,,,,,,,,,,,,,,,,,,,,,,,,,,,,,,,,,,,,,,,,,,,,,,,,,,,,,,,,,,,,,,,,,,,,,,,,,,,,,,,,,,,,,,,,0.0,0.0,0.0,0.0,1.0,0.0,0.0,0.0,0.0,0.0,0.0,0.0,0.0
215,2018-02-26,מכבי_פתח_תקווה,עכו,,,,,,,,,,,,,,,,,,,,,,,,,,,,,,,,,,,,,,,,,,,,,,,,,,,,,,,,,,,,,,,,,,,,,,,,,,,,,,,,,,,,,,,,,,,,,,,,,,,,,,,,,,,,,,,,,,,,,,,,,,,,,,,,,,,,,,,,,,,,,,,,,,,,,,,,,,,,,,,,,,,,,,,,,,,,,,,,,,,,,,,,,,,,,,,,,1.0,0.0,0.0,1.0,1.0,0.0,0.0,0.0,0.0,0.0,0.0,0.0,0.0
216,2018-02-27,רעננה,מס_אשדוד,,,,,,,,,,,,,,,,,,,,,,,,,,,,,,,,,,,,,,,,,,,,,,,,,,,,,,,,,,,,,,,,,,,,,,,,,,,,,,,,,,,,,,,,,,,,,,,,,,,,,,,,,,,,,,,,,,,,,,,,,,,,,,,,,,,,,,,,,,,,,,,,,,,,,,,,,,,,,,,,,,,,,,,,,,,,,,,,,,,,,,,,,,,,,,,,,1.0,0.0,0.0,1.0,1.0,0.0,0.0,0.0,0.0,0.0,0.0,0.0,0.0
217,2018-03-03,מכבי_פתח_תקווה,רעננה,,,,,,,,,,,,,,,,,,,,,,,,,,,,,,,,,,,,,,,,,,,,,,,,,,,,,,,,,,,,,,,,,,,,,,,,,,,,,,,,,,,,,,,,,,,,,,,,,,,,,,,,,,,,,,,,,,,,,,,,,,,,,,,,,,,,,,,,,,,,,,,,,,,,,,,,,,,,,,,,,,,,,,,,,,,,,,,,,,,,,,,,,,,,,,,,,1.0,0.0,0.0,1.0,1.0,0.0,0.0,0.0,0.0,0.0,0.0,0.0,0.0
218,2018-03-11,רעננה,ביתר_ירושלים,,,,,,,,,,,,,,,,,,,,,,,,,,,,,,,,,,,,,,,,,,,,,,,,,,,,,,,,,,,,,,,,,,,,,,,,,,,,,,,,,,,,,,,,,,,,,,,,,,,,,,,,,,,,,,,,,,,,,,,,,,,,,,,,,,,,,,,,,,,,,,,,,,,,,,,,,,,,,,,,,,,,,,,,,,,,,,,,,,,,,,,,,,,,,,,,,1.0,0.0,0.0,1.0,1.0,0.0,0.0,0.0,0.0,0.0,0.0,0.0,0.0
219,2018-03-18,מכבי_פתח_תקווה,רעננה,,,,,,,,,,,,,,,,,,,,,,,,,,,,,,,,,,,,,,,,,,,,,,,,,,,,,,,,,,,,,,,,,,,,,,,,,,,,,,,,,,,,,,,,,,,,,,,,,,,,,,,,,,,,,,,,,,,,,,,,,,,,,,,,,,,,,,,,,,,,,,,,,,,,,,,,,,,,,,,,,,,,,,,,,,,,,,,,,,,,,,,,,,,,,,,,,0.0,0.0,0.0,0.0,1.0,0.0,0.0,0.0,0.0,0.0,0.0,0.0,0.0
220,2018-03-04,מכבי_נתניה,מכבי_תל_אביב,,,,,,,,,,,,,,,,,,,,,,,,,,,,,,,,,,,,,,,,,,,,,,,,,,,,,,,,,,,,,,,,,,,,,,,,,,,,,,,,,,,,,,,,,,,,,,,,,,,,,,,,,,,,,,,,,,,,,,,,,,,,,,,,,,,,,,,,,,,,,,,,,,,,,,,,,,,,,,,,,,,,,,,,,,,,,,,,,,,,,,,,,,,,,,,,,5.0,0.0,0.0,5.0,0.0,0.0,0.0,0.0,0.0,0.0,0.0,0.0,0.0
221,2018-04-21,מכבי_פתח_תקווה,מכבי_חיפה,,,,,,,,,,,,,,,,,,,,,,,,,,,,,,,,,,,,,,,,,,,,,,,,,,,,,,,,,,,,,,,,,,,,,,,,,,,,,,,,,,,,,,,,,,,,,,,,,,,,,,,,,,,,,,,,,,,,,,,,,,,,,,,,,,,,,,,,,,,,,,,,,,,,,,,,,,,,,,,,,,,,,,,,,,,,,,,,,,,,,,,,,,,,,,,,,2.0,0.0,3.0,2.0,1.0,0.0,0.0,0.0,0.0,0.0,0.0,0.0,0.0
222,2018-05-05,ביתר_ירושלים,באר_שבע,,,,,,,,,,,,,,,,,,,,,,,,,,,,,,,,,,,,,,,,,,,,,,,,,,,,,,,,,,,,,,,,,,,,,,,,,,,,,,,,,,,,,,,,,,,,,,,,,,,,,,,,,,,,,,,,,,,,,,,,,,,,,,,,,,,,,,,,,,,,,,,,,,,,,,,,,,,,,,,,,,,,,,,,,,,,,,,,,,,,,,,,,,,,,,,,,2.0,0.0,0.0,2.0,4.0,1.0,1.0,0.0,0.0,0.0,0.0,0.0,0.0
223,2018-05-09,ביתר_ירושלים,הפועל_חיפה,,,,,,,,,,,,,,,,,,,,,,,,,,,,,,,,,,,,,,,,,,,,,,,,,,,,,,,,,,,,,,,,,,,,,,,,,,,,,,,,,,,,,,,,,,,,,,,,,,,,,,,,,,,,,,,,,,,,,,,,,,,,,,,,,,,,,,,,,,,,,,,,,,,,,,,,,,,,,,,,,,,,,,,,,,,,,,,,,,,,,,,,,,,,,,,,,1.0,0.0,0.0,1.0,1.0,1.0,0.0,0.0,0.0,0.0,0.0,0.0,0.0
